<?xml version="1.0" encoding="utf-8"?><feed xmlns="http://www.w3.org/2005/Atom" ><generator uri="https://jekyllrb.com/" version="3.6.2">Jekyll</generator><link href="https://stanford.edu/~yuanhl/feed.xml" rel="self" type="application/atom+xml" /><link href="https://stanford.edu/~yuanhl/" rel="alternate" type="text/html" /><updated>2018-07-21T18:21:35-07:00</updated><id>https://stanford.edu/~yuanhl/</id><title type="html">Honglin Yuan</title><subtitle>personal description</subtitle><author><name>Honglin Yuan</name><email>yuanhl@stanford.edu</email></author><entry><title type="html">CME 307 - Nonlinear Optimization Theory</title><link href="https://stanford.edu/~yuanhl/posts/cme307/notes2" rel="alternate" type="text/html" title="CME 307 - Nonlinear Optimization Theory" /><published>2018-03-01T00:00:00-08:00</published><updated>2018-03-01T00:00:00-08:00</updated><id>https://stanford.edu/~yuanhl/posts/cme307/Nonlinear-Optimization-Theory</id><content type="html" xml:base="https://stanford.edu/~yuanhl/posts/cme307/notes2">&lt;p&gt;Overview: This is the class note for CME 307 (Lecture 6-9). Topics include: Optimality Condition, KKT Conditions, Duality Theory.&lt;/p&gt;

&lt;h2 id=&quot;optimality-condition-theory-for-lcop&quot;&gt;Optimality Condition Theory for LCOP&lt;/h2&gt;

&lt;p&gt;For CLP, the optimality condition is zero-duality gap, primal feasible and dual feasible.&lt;/p&gt;

&lt;p&gt;For general nonlinear problem, flavor of analysis and geometry.&lt;/p&gt;

&lt;h3 id=&quot;first-order-necessary-condition&quot;&gt;First order necessary condition&lt;/h3&gt;

&lt;p&gt;Call $d$ a &lt;u&gt;descent direction&lt;/u&gt; at $x$ if $\nabla f(x) d &amp;lt; 0$. Denote $\mathcal{D}_x^d$ be the set of descent directions at $x$.&lt;/p&gt;

&lt;ul&gt;
  &lt;li&gt;descent along $d$ within a small distance&lt;/li&gt;
  &lt;li&gt;as long as $\nabla f(x) \neq 0$, $\mathcal{D}_x^d \neq \emptyset$, and we call $-\nabla f(x)$ the steepest descent direction,&lt;/li&gt;
&lt;/ul&gt;

&lt;p&gt;Call $d$ a &lt;u&gt;feasible direction&lt;/u&gt; at $x$ if $x + \lambda d \in \mathcal{F}$ for all small $\lambda &amp;gt; 0$. Denote $\mathcal{D}_x^f$ the set of feasible directions at $x$.&lt;/p&gt;

&lt;ul&gt;
  &lt;li&gt;e.g.: $\mathcal{F} = \{x: Ax \geq b \}$ , then $\mathcal{D}_x^f= \{d: a_i^T d \geq 0, \forall i \in \mathcal{A}(x)\}$. $\mathcal{A}(x)$ is active constraint set $\{i: a_i^T x = b_i\}$. $A_i$ is the $i$-th row of $A$, may be viewed as the $i$-th constraint.&lt;/li&gt;
&lt;/ul&gt;

&lt;p&gt;A direct geometric observation gives the &lt;strong&gt;necessary&lt;/strong&gt; optimality condition: if $x^\ast$ is a minimzer and $f \in C^1$ at $x$, then there is no direction that is both feasible and descent: $\mathcal{D}_x^f \cap \mathcal{D}_x^d = \emptyset$. &lt;strong&gt;(there is no improving direction)&lt;/strong&gt;&lt;/p&gt;

&lt;ul&gt;
  &lt;li&gt;e.g.: $\mathcal{F} = \{x: Ax =b\}​$. necessary condition is $\nabla f(x^\ast) = y^T A​$ for some $y​$ (or in other word, $\nabla f(x^\ast) \in \mathcal{R}(A^T)​$. Note that $\mathcal{D}_x^f  \equiv \mathcal{N}(A)​$ for all $x​$ . (Gradient is perpendicular to the hyperplane)&lt;/li&gt;
  &lt;li&gt;e.g. (LIP): $\mathcal{F} = \{x : Ax \geq b\}$. necessary condition is $\nabla f(x^\ast) = y^T A$ for some $y \geq 0$ and $y_i = 0$ for all $i \notin \mathcal{A}(x^\ast)$ (or in other word, $\nabla f(x^\ast) = y_\mathcal{A}^T A_\mathcal{A})$
    &lt;ul&gt;
      &lt;li&gt;Proof. Improving direction condition: $\nexists d $ such that $\nabla f(x) d &amp;lt; 0$ and $A_\mathcal{A}d \geq 0$. Using Farkas Lemma, the alternative pair is $\exists y$ such that $A_\mathcal{A}^T y = \nabla f(x^\ast), y \geq 0$.&lt;/li&gt;
    &lt;/ul&gt;
  &lt;/li&gt;
&lt;/ul&gt;

&lt;p&gt;We can generalize the above discussion to mixed linear constraints:&lt;/p&gt;

&lt;h3 id=&quot;kkt-theorem-for-lcop&quot;&gt;KKT Theorem for LCOP&lt;/h3&gt;

&lt;p&gt;The Linear-constrained Optimization problem is&lt;/p&gt;

&lt;script type=&quot;math/tex; mode=display&quot;&gt;% &lt;![CDATA[
\begin{aligned}
	\min \quad &amp; f(x) \\
	\mathrm{s.t.} \quad &amp; a_i^Tx ~ (\leq, = \geq) ~  b_i, \quad i=1,\ldots,m
\end{aligned} %]]&gt;&lt;/script&gt;

&lt;p&gt;The KKT condition is&lt;/p&gt;

&lt;script type=&quot;math/tex; mode=display&quot;&gt;% &lt;![CDATA[
\begin{aligned}
	\nabla f(x)&amp; = y^T A \\
	y_i &amp;(\leq, free,\geq) 0, \quad i = 1,\ldots,m,\\
	y_i &amp;= 0, \quad \mathrm{if}~ i \neq \mathcal{A}(x)
\end{aligned} %]]&gt;&lt;/script&gt;

&lt;h3 id=&quot;first-order-optimality-for-locally-convex-opt&quot;&gt;First-order optimality for (locally) convex opt&lt;/h3&gt;

&lt;p&gt;Theorem: If $f$ is locally convex in the feasible direction space at the KKT solution $x^\ast$, then the (first-order) KKT optimality conditions are sufficient for the local optimality at $x^\ast$.&lt;/p&gt;

&lt;h2 id=&quot;optimality-condition-for-general-nonlinear-problem&quot;&gt;Optimality Condition for General Nonlinear problem&lt;/h2&gt;

&lt;h3 id=&quot;unconstrained-opt&quot;&gt;Unconstrained opt&lt;/h3&gt;

&lt;ul&gt;
  &lt;li&gt;First-Order necessary: $\nabla f(x^\ast) = 0$&lt;/li&gt;
  &lt;li&gt;Second-Order necessary (if $f \in C^2$): $\nabla f(x^\ast) = 0$ and $\nabla^2 f(x^\ast) \succeq 0$&lt;/li&gt;
  &lt;li&gt;Second-Order sufficient: (if $f \in C^2$): $\nabla f(x^\ast) = 0$ and $\nabla^2 f(x^\ast) \succ 0$&lt;/li&gt;
&lt;/ul&gt;

&lt;h3 id=&quot;general-constrained-opt&quot;&gt;General Constrained Opt&lt;/h3&gt;

&lt;p&gt;(GCO) (either cvx or ncvx)&lt;/p&gt;

&lt;script type=&quot;math/tex; mode=display&quot;&gt;% &lt;![CDATA[
\begin{aligned}
	\min&amp; ~  f(x) \\
	\text{s.t.} &amp;~ h(x) = 0 \in \mathbb{R}^m,\\
	\text{s.t.} &amp;~ c(x) \geq 0 \in \mathbb{R}^p.
\end{aligned} %]]&gt;&lt;/script&gt;

&lt;h4 id=&quot;basic-concepts&quot;&gt;Basic Concepts&lt;/h4&gt;

&lt;p&gt;#####Lagrangian Function&lt;/p&gt;

&lt;p&gt;It is easier to introduce the lagrangian Function for (GCO): $ L(x,y,s) = f(x) - y^T h(x) - s^T c(x)$, where $y$ is the &lt;strong&gt;free&lt;/strong&gt; multiplier for &lt;strong&gt;equality&lt;/strong&gt; constraints and $s \geq 0$ is for &lt;strong&gt;inequality&lt;/strong&gt; constraints.&lt;/p&gt;

&lt;ul&gt;
  &lt;li&gt;Intutively, $s \geq 0$ is used to penalize negative $c(x)$ 异号则罚&lt;/li&gt;
  &lt;li&gt;We can iteratively update penalty $y,s$ and solve Lagrangian Relaxation Problem (LRP): $\min_x L(x,y,s)$&lt;/li&gt;
&lt;/ul&gt;

&lt;h5 id=&quot;hypersurface-regular-point-and-implicit-function-theorem&quot;&gt;Hypersurface, Regular Point and Implicit Function Theorem&lt;/h5&gt;

&lt;p&gt;Consider the hypersurface (in contrast to Hyperplanes when the equality constraints are linear) $\{ x \in \mathbb{R}^n : h(x) = 0 \in \mathbb{R}^m, m \leq n\}$, (here we impose $m \leq n$ to guarantee that it is not overdetermined). We say the surface is smooth if $h \in C^1$.&lt;/p&gt;

&lt;p&gt;For $x$ on surface, we call $x$ a &lt;u&gt;**regular point**&lt;/u&gt; if the Jacobian $\nabla h(x) \in \mathbb{R}^{m \times n}$ is of &lt;strong&gt;full row rank&lt;/strong&gt; (the constraints are linearly independent).&lt;/p&gt;

&lt;ul&gt;
  &lt;li&gt;In the following part, we will also take active inequality constraints into the surface.&lt;/li&gt;
&lt;/ul&gt;

&lt;p&gt;Due to &lt;strong&gt;Implictit Function Theorem&lt;/strong&gt;: if $x$ is regular point and $m &amp;lt; n$, then for every $d \in \mathcal{T}_x = \{z: \nabla h(x) z = 0\}$ there exists a feasible curve $x(t)$ parameterized on feasible interval $[-a,a]$ such that $h(x(t)) = 0$ (feasible), $x(0) =x$ and $x’(0) = d$ (desired direction).&lt;/p&gt;

&lt;ul&gt;
  &lt;li&gt;$\mathcal{T}_x$ is called the &lt;strong&gt;tangent-space/plane&lt;/strong&gt;.&lt;/li&gt;
&lt;/ul&gt;

&lt;h4 id=&quot;first-order-necessary-conditions-for-gco&quot;&gt;First-Order Necessary Conditions for (GCO)&lt;/h4&gt;

&lt;p&gt;The following condition is easily provable but may not be easy to be applied&lt;/p&gt;

&lt;p&gt;&lt;strong&gt;Lemma 1:&lt;/strong&gt; Let $x$ be local minimizer of (GCO) and a regular point of the hypersurface of $\{x: h(x) = 0, c_i(x) = 0 \mathrm{~for~} i \in \mathcal{A}_x\}$.  Then there must be no $d$ such that&lt;/p&gt;

&lt;script type=&quot;math/tex; mode=display&quot;&gt;% &lt;![CDATA[
\begin{aligned}
	\nabla f(x) d &amp; &lt; 0 \\
	\nabla h(x) d &amp; = 0 \\
	\nabla c_i(x) d &amp; \geq 0, \forall i \in \mathcal{A}_x
\end{aligned} %]]&gt;&lt;/script&gt;

&lt;p&gt;&lt;em&gt;Proof Sketch:&lt;/em&gt; If there is such a $d$, classify $\mathcal{A}_x$ based on $\{i: \nabla c_i(x) d = 0\} := \mathcal{A}_x^d$. Consider the hypersurface $h(x)= 0$ and $ c_i(x) = 0$ for $i \in \mathcal{A}_x^d$. Apply the implicit theorem showing that there exists a feasible curve $\phi(t)$ moving along $d$ on this hypersurface. Furthermore, this curve is feasible (satisfying $\bar{\mathcal{A}_x^d}$) since it either goes large or already large. $0$ must be the local minimzer of $f(\phi(t))$ , which contradicts the first condition.&lt;/p&gt;

&lt;h5 id=&quot;condition-2-kkt-optimality-condition&quot;&gt;Condition 2: KKT Optimality Condition&lt;/h5&gt;

&lt;p&gt;&lt;strong&gt;Theorem (First-Order KKT Condition)&lt;/strong&gt;:  Let $x$ be local minimizer of (GCO) and a &lt;strong&gt;regular point&lt;/strong&gt; of the hypersurface of $\{x: h(x) = 0, c_i(x) = 0 \mathrm{~for~} i \in \mathcal{A}_x\}$.  Then for some multipliers $y$, $s \geq 0$,&lt;/p&gt;

&lt;script type=&quot;math/tex; mode=display&quot;&gt;\nabla f(x) = y^T \nabla h(x)+ s^T \nabla c(x) \quad \text{or} \quad \nabla_x L(x,y,s) = 0&lt;/script&gt;

&lt;p&gt;AND $s \geq 0; s_i c_i(x) = 0, \forall i $&lt;/p&gt;

&lt;ul&gt;
  &lt;li&gt;If a local minimizer $x$ is not a regular point, then it may not be a KKT point.&lt;/li&gt;
&lt;/ul&gt;

&lt;p&gt;Proof: just use Farkas’ Lemma (similar to LCO)&lt;/p&gt;

&lt;h5 id=&quot;summary-theorem-notation-is-not-consistent&quot;&gt;Summary theorem: (notation is not consistent)&lt;/h5&gt;

&lt;p&gt;Consider unified GCO&lt;/p&gt;

&lt;script type=&quot;math/tex; mode=display&quot;&gt;% &lt;![CDATA[
\begin{aligned}
	\min &amp; ~f(x) \\
	\text{s.t.} &amp; ~c_i(x) (\leq, = , \geq ) 0, \quad i=1,2,\ldots,m
\end{aligned} %]]&gt;&lt;/script&gt;

&lt;p&gt;Let $\mathcal{A}_x = \{i, c_i(x) = 0\}$ (equality, and happens to be equal).&lt;/p&gt;

&lt;p&gt;Let $x$ be a local minimizer and $x$ is a regular point on the hyperspace defined by $\mathcal{A}_x$, then there exists multipliers $y$ such that&lt;/p&gt;

&lt;script type=&quot;math/tex; mode=display&quot;&gt;% &lt;![CDATA[
\begin{aligned}
	\nabla f(x) ~~~~~~&amp; = ~~~~~~~~~~~~y^T \nabla c(x) \\
	y_i ~~~~~~&amp; (\leq, \lesseqgtr, \geq) ~~0 \\
	y_ic_i(x) ~~~~~~&amp; = ~~~~~~~~~~~~0.
\end{aligned} %]]&gt;&lt;/script&gt;

&lt;h4 id=&quot;second-order-necessary-condition-for-gco&quot;&gt;Second-Order Necessary Condition for (GCO)&lt;/h4&gt;

&lt;p&gt;Let $x$ be local minimizer of (GCO) and a &lt;strong&gt;regular point&lt;/strong&gt; of the hypersurface of $\{x: h(x) = 0, c_i(x) = 0 \mathrm{~for~} i \in \mathcal{A}_x\}$, and $(x,y,s)$ satisfies the first-order KKT condition of (GCO). Then it satisfies 
&lt;script type=&quot;math/tex&quot;&gt;d^T \nabla_x^2 L(x,y,s) d \geq 0, \quad \forall d \in T_x&lt;/script&gt;
$T_x$ is the hyperspace w.r.t. to all the &lt;strong&gt;active&lt;/strong&gt; constraints&lt;/p&gt;

&lt;ul&gt;
  &lt;li&gt;PSD on the tangent-space.&lt;/li&gt;
&lt;/ul&gt;

&lt;p&gt;Proof: reformulate as 1D optimization on the curve.&lt;/p&gt;

&lt;h4 id=&quot;second-order-sufficient-condition-for-gco&quot;&gt;Second-Order Sufficient Condition for (GCO)&lt;/h4&gt;

&lt;p&gt;Let $x$ be a &lt;strong&gt;regular point&lt;/strong&gt; of the hypersurface of $\{x: h(x) = 0, c_i(x) = 0 \mathrm{~for~} i \in \mathcal{A}_x\}$, and $(x,y,s)$ satisfies the first-order KKT condition of (GCO). Then if
&lt;script type=&quot;math/tex&quot;&gt;d^T \nabla_x^2 L(x,y,s) d &gt; 0, \quad \forall d \in T_x&lt;/script&gt;
then $x$ is a local minimizer of (GCO).&lt;/p&gt;

&lt;p&gt;Workflow: Check if there is any irregular point -&amp;gt; Solve KKT system $(x,y,s)$ -&amp;gt; Compute Tangent space at all KKT point and verify second-order condition.&lt;/p&gt;

&lt;h2 id=&quot;lagrangian-duality-theory&quot;&gt;Lagrangian Duality Theory&lt;/h2&gt;

&lt;p&gt;Goal: generalize duality theory to nonlinear convex optimization&lt;/p&gt;

&lt;p&gt;Recall (GCO)&lt;/p&gt;

&lt;script type=&quot;math/tex; mode=display&quot;&gt;% &lt;![CDATA[
\begin{aligned}
	\min &amp; ~f(x) \\
	\text{s.t.} &amp; ~c_i(x) (\leq, = , \geq ) 0, \quad i=1,2,\ldots,m
\end{aligned} %]]&gt;&lt;/script&gt;

&lt;p&gt;and the Lagrangian Function:  $L(x,y) = f(x) - y^Tc(x)$ where $y \in Y := \{y:y_i (\leq, \text{free} , \geq ) 0 \}$.&lt;/p&gt;

&lt;p&gt;For any given multipliers $y \in Y$, consider Lagrangian Relaxation Problem (LRP): ($y$ is known ,$x$ is &lt;strong&gt;free&lt;/strong&gt;)&lt;/p&gt;

&lt;script type=&quot;math/tex; mode=display&quot;&gt;% &lt;![CDATA[
\begin{aligned}
	\inf &amp;~ L(x,y) = f(x) - y^T c(x) \\
	\text{s.t.} &amp;~ x \in \mathbb{R}^n
\end{aligned} %]]&gt;&lt;/script&gt;

&lt;p&gt;Let $\phi(y) := \inf_{x \in \mathbb{R}^n} L(x,y)$. The Lagrangian Dual Problem (LDP) is:&lt;/p&gt;

&lt;script type=&quot;math/tex; mode=display&quot;&gt;\max ~\phi(y) \quad \text{s.t.}~ y \in Y&lt;/script&gt;

&lt;p&gt;&lt;strong&gt;Theorem&lt;/strong&gt;: The Lagrangian dual objective $\phi (y)$ is concave.&lt;/p&gt;

&lt;p&gt;&lt;em&gt;Proof&lt;/em&gt;: by definition, note that $\inf (f+g) \geq \inf f + \inf g$&lt;/p&gt;

&lt;p&gt;&lt;strong&gt;Theorem&lt;/strong&gt;: (Weak Duality): For every $y \in Y$, $\phi (y)$ is less or equal to the infimum value of the original GCO problem. (Accordingly, (LRP)* $\leq$ (GCO)*)&lt;/p&gt;

&lt;p&gt;&lt;em&gt;Proof&lt;/em&gt;: $\phi(y) = \inf_x [f(x) - y^Tc(x)] \leq \inf_{x \in \mathcal{F}} [f(x) - y^T c(x)] \leq \inf_{x \in \mathcal{F}} f(x) = $ (GCO)*&lt;/p&gt;

&lt;p&gt;We can verify that the Lagrangian dual of LP is the same as the conic dual.&lt;/p&gt;

&lt;ul&gt;
  &lt;li&gt;Tip: If $L(x,y)$ is not lower bounded for some $y$, then this constraint automatically becomes an additional constraints of (LDP)&lt;/li&gt;
&lt;/ul&gt;

&lt;p&gt;Strong Duality Theorem: Let (GCO) be convex minimization problem and the infimum (GCO)* be finite. If (GCO) have an interior-point feasible solution w.r.t. inequality constraints (all inequalities strictly hold). Then the duality gap is zero, and the dual optimal is attainable.&lt;/p&gt;

&lt;p&gt;Furthermore, if (GCO) admits a minimizer $x^\ast$, then $y^\ast c_i (x^\ast) = 0, \forall i$.&lt;/p&gt;

&lt;h3 id=&quot;partially-lagrangian-duality&quot;&gt;Partially Lagrangian Duality&lt;/h3&gt;

&lt;p&gt;For problem&lt;/p&gt;

&lt;script type=&quot;math/tex; mode=display&quot;&gt;% &lt;![CDATA[
\begin{aligned}
	\min &amp; ~f(x) \\
	\text{s.t.} &amp; ~c_i(x) (\leq, = , \geq ) 0, \quad i=1,2,\ldots,m \\
			&amp; ~ x \in \Omega
\end{aligned} %]]&gt;&lt;/script&gt;

&lt;p&gt;$\Omega$ is very structured here, and we prefer not to transform it into multipliers (in order to avoid boom the problem size). Similarly we can consider the Partially Lag. Relaxation Problem&lt;/p&gt;

&lt;script type=&quot;math/tex; mode=display&quot;&gt;% &lt;![CDATA[
\begin{aligned}
	\inf &amp;~ L(x,y) = f(x) - y^T c(x) \\
	\text{s.t.} &amp;~ x \in \Omega
\end{aligned} %]]&gt;&lt;/script&gt;

&lt;p&gt;and we can similaly define the Lagrangian dual as the same formulation of (LDP).&lt;/p&gt;

&lt;p&gt;The weak duality and strong duality (with the same conditions) still holds.&lt;/p&gt;</content><author><name>Honglin Yuan</name><email>yuanhl@stanford.edu</email></author><category term="Optimization" /><summary type="html">Overview: This is the class note for CME 307 (Lecture 6-9). Topics include: Optimality Condition, KKT Conditions, Duality Theory.</summary></entry><entry><title type="html">CME 307 - Conic Linear Programming Theory</title><link href="https://stanford.edu/~yuanhl/posts/cme307/l1" rel="alternate" type="text/html" title="CME 307 - Conic Linear Programming Theory" /><published>2018-02-10T00:00:00-08:00</published><updated>2018-02-10T00:00:00-08:00</updated><id>https://stanford.edu/~yuanhl/posts/cme307/Conic-Linear-Programming-Theory</id><content type="html" xml:base="https://stanford.edu/~yuanhl/posts/cme307/l1">&lt;p&gt;Overview: This is the class note for CME 307 (Lecture 1-5). Farkas’ lemma and duality theory for LP, Conic LP.&lt;/p&gt;

&lt;h2 id=&quot;farkas-for-lp&quot;&gt;Farkas’ for LP&lt;/h2&gt;

&lt;p&gt;Caratheodory’s theorem is the basic result for &lt;em&gt;finite dimensional&lt;/em&gt; convex analysis:&lt;/p&gt;

&lt;p&gt;&lt;strong&gt;Theorem (Caratheodory, Fundamental theorem of linear programming):&lt;/strong&gt; Given matrix $A \in R^{m \times n}$ where $n &amp;gt; m$, let convex polyhedral cone $C = \{Ax: x \geq 0\}$ . For any $b \in C$, $b$ can be represented as $b = A_Bx_B$, where $A_B$ is some &lt;em&gt;independent&lt;/em&gt; vectors of the columns of $A$, and $x_B \geq 0$.&lt;/p&gt;

&lt;p&gt;&lt;em&gt;Proof Sketch&lt;/em&gt;. Given a representation, if not basic, then there is a nontrivial combination sums to zero. Manipulate the original representation by moving along this zero combination direction, until one of coordinates reaches zero. Repeat this procedure until basic.&lt;/p&gt;

&lt;!--The result may not hold for general infinite dimensional cone.--&gt;

&lt;p&gt;$A_B$ here is called basis, $x_B$ is called basic feasible solution.&lt;/p&gt;

&lt;p&gt;Comment:&lt;/p&gt;

&lt;ul&gt;
  &lt;li&gt;A vertex $x$ is an extreme point of $\{x : Ax=b, x\geq 0\}$ iff $x$ is a BFS. (Text Page 41)&lt;/li&gt;
  &lt;li&gt;In other word, LP has a feasible solution iff it has a BFS. (Direct)&lt;/li&gt;
  &lt;li&gt;Moreover, LP has a feasible optimal solution iff it has a BFOS (Direct Corollary)
    &lt;ul&gt;
      &lt;li&gt;Do the same procedure as mentioned above. Note that $c^T y = 0$ otherwise the optimality will not hold.&lt;/li&gt;
    &lt;/ul&gt;
  &lt;/li&gt;
&lt;/ul&gt;

&lt;p&gt;The beauty is that, for all $b = Ax$ with $x \geq 0$, we can always find a &lt;em&gt;clean&lt;/em&gt; way to represent $b$. Even though this representation is not unique, the choice of $A_B$ is finite because $A$ is finite generated. Moreover, we do not even need to guarantee that $A$ is of full row rank.&lt;/p&gt;

&lt;p&gt;&lt;strong&gt;Lemma (Farkas’)&lt;/strong&gt;: Exactly one of the following two systems is feasible&lt;/p&gt;

&lt;script type=&quot;math/tex; mode=display&quot;&gt;\begin{cases}
	Ax = b \\
	x \geq 0
\end{cases}
\leftrightarrow
\begin{cases}
	-A^T y \geq 0 \\
	b^Ty  &gt; 0 \Leftrightarrow b^T  y =1
\end{cases}&lt;/script&gt;

&lt;p&gt;Proof sketch: If L is feasible then R is obviously infeasible. ($y^TAx$)&lt;/p&gt;

&lt;p&gt;If L is feasible then we investigate $C = \{Ax: x \geq 0\}$. This set &lt;strong&gt;is closed&lt;/strong&gt; (by Caratheodory) and convex (by definition), and $b \notin C$. Then we can find hyperplane separting $b$ and $C$, i.e., $y^T C \leq 0$ and $y^T b &amp;gt; 0$. Claim that $y^T A \leq 0$ otherwise there $y^T C$ is not upper bounded (by picking certain $x$). Hence $y$ is a supporting vector.&lt;/p&gt;

&lt;ul&gt;
  &lt;li&gt;The closedness is not trivial. To show that, we choose a convergent sequence, and argue that there is a sub-sequence that is generate by the same basis $A_B$, then argue that under this condition $x_B$ is convergent (SVD), and then take the limit point of $x_B$, which gives $A_Bx_B^* = y \in C$.&lt;/li&gt;
&lt;/ul&gt;

&lt;h3 id=&quot;from-farkas-to-more-alternative-pairs&quot;&gt;From Farkas’ to more alternative pairs&lt;/h3&gt;

&lt;p&gt;Major Tips:&lt;/p&gt;

&lt;ul&gt;
  &lt;li&gt;”$&amp;gt; 0$” is equivalent to $= 1$.&lt;/li&gt;
  &lt;li&gt;If $x \in R$ then split $x = x^+ - x^-$.&lt;/li&gt;
  &lt;li&gt;something = 0 is usually generated by simultaneously $\geq 0$ and $\leq 0$&lt;/li&gt;
  &lt;li&gt;some vector $\geq 0$ but $\neq 0$ is equivalent to $e^T v = 1$, $v \geq 0$&lt;/li&gt;
&lt;/ul&gt;

&lt;p&gt;More Farkas’ pair:&lt;/p&gt;

&lt;script type=&quot;math/tex; mode=display&quot;&gt;\begin{cases}
	Ax = 0 \\
	x\geq 0 \\
	c^Tx = -1
\end{cases}
\leftrightarrow
c-A^Ty \geq 0&lt;/script&gt;

&lt;p&gt;Gordan’s:&lt;/p&gt;

&lt;script type=&quot;math/tex; mode=display&quot;&gt;Ax &gt; 0 \leftrightarrow \begin{cases}
	A^T y = 0 \\
	y \geq 0 \\
	y \neq 0
\end{cases}&lt;/script&gt;

&lt;p&gt;Stiemke’s:&lt;/p&gt;

&lt;script type=&quot;math/tex; mode=display&quot;&gt;\begin{cases}
	Ax \geq 0 \\
	Ax \neq 0
\end{cases}
\leftrightarrow
\begin{cases}
	y^T A = 0 \\
	y &gt; 0
\end{cases}&lt;/script&gt;

&lt;p&gt;Gale’s:
&lt;script type=&quot;math/tex&quot;&gt;% &lt;![CDATA[
Ax \leq b \leftrightarrow
\begin{cases}
	A^T y = 0 \\
	y^T b &lt; 0 \\
	y &gt; 0
\end{cases} %]]&gt;&lt;/script&gt;&lt;/p&gt;

&lt;hr /&gt;

&lt;h2 id=&quot;general-clp-formulation&quot;&gt;General CLP formulation&lt;/h2&gt;

&lt;h3 id=&quot;clp-formulation&quot;&gt;CLP Formulation&lt;/h3&gt;

&lt;p&gt;Operator representation: $\mathcal{A} x = (\langle a_1, x \rangle; \ldots; \langle a_m, x \rangle)$, $y^T \mathcal{A} = \sum_{i=1}^m y_i a_i$.&lt;/p&gt;

&lt;p&gt;The Conic Linear Programming is&lt;/p&gt;

&lt;script type=&quot;math/tex; mode=display&quot;&gt;% &lt;![CDATA[
\begin{aligned}
	\min  &amp;~ \langle c, x\rangle \\
	\mathrm{s.t.} &amp;~ \mathcal{A}x = b, x \in K \\
\end{aligned} %]]&gt;&lt;/script&gt;

&lt;ul&gt;
  &lt;li&gt;LP: $x \in \mathbb{R}^n$, $K = \mathbb{R}_{\geq 0}^n$&lt;/li&gt;
  &lt;li&gt;$p$-order cone programming (POCP): $x \in \mathbb{R}^n$, $p$-order cone $K = \{x: x_1 \geq |x_{-1}|_p\}$
    &lt;ul&gt;
      &lt;li&gt;second-order cone programming (SOCP) is a special case where $K = K^*$&lt;/li&gt;
    &lt;/ul&gt;
  &lt;/li&gt;
  &lt;li&gt;SDP: $x \in S^n$ (symmetric matrix), $K = S_+^n$ (SPD)
    &lt;ul&gt;
      &lt;li&gt;We can always flatten the matrix $x$ into a vector.&lt;/li&gt;
    &lt;/ul&gt;
  &lt;/li&gt;
&lt;/ul&gt;

&lt;h3 id=&quot;farkas-for-general-cone&quot;&gt;Farkas’ for general cone&lt;/h3&gt;

&lt;p&gt;Now we consider the alternative pair ($b,y \in \mathbb{R}^m$):&lt;/p&gt;

&lt;script type=&quot;math/tex; mode=display&quot;&gt;\begin{cases}
	\mathcal{A} x = b \\
	x \in K
\end{cases}
\leftrightarrow
\begin{cases}
	-y^T\mathcal{A} \in K^* \\
	b^Ty  &gt; 0 \Leftrightarrow b^T  y =1
\end{cases}&lt;/script&gt;

&lt;p&gt;Farkas’ lemma may not hold since $C = \{\mathcal{A} x, x \in K\}$ may not be closed (recall the proof above, even though $K$ is closed!)&lt;/p&gt;

&lt;p&gt;Quick example:
&lt;script type=&quot;math/tex&quot;&gt;% &lt;![CDATA[
a_1 = \begin{bmatrix}
	1 &amp; 0 \\
	0 &amp; 0 \\
	\end{bmatrix}, 
a_2 = \begin{bmatrix}
	0 &amp; 1 \\
	1 &amp; 0 \\
	\end{bmatrix} %]]&gt;&lt;/script&gt;&lt;/p&gt;

&lt;p&gt;In order to generalize Farkas’ lemma, we need to introduce the following def/property of interior of a cone.&lt;/p&gt;

&lt;h4 id=&quot;interior-of-a-cone--clp&quot;&gt;Interior of a cone &amp;amp; CLP&lt;/h4&gt;

&lt;p&gt;&lt;strong&gt;Definition&lt;/strong&gt;: We call $x \in \mathrm{int} K$ iff for any point $y \in K^*$, $\langle x, y \rangle = 0$ implies $y = 0$.&lt;/p&gt;

&lt;p&gt;? Is this definition consistent with the topological definition of the interior?&lt;/p&gt;

&lt;p&gt;The following property is inportant for deriving Farkas’ for general cone.&lt;/p&gt;

&lt;p&gt;&lt;strong&gt;Proposition&lt;/strong&gt;: Let $x \in \mathrm{int} K$, and $\{y_k\} \subseteq K^*$. Then $\langle x, y_k \rangle \leq \kappa$ implies $\{y_k\}$ is bounded.&lt;/p&gt;

&lt;p&gt;We can also define the interior of the feasible set:&lt;/p&gt;

&lt;script type=&quot;math/tex; mode=display&quot;&gt;\mathcal{F}_p = \\{x : \mathcal{A} x = b, x \in K\\} \Rightarrow \mathrm{int} \mathcal{F}_p = \\{x: \mathcal{A}x = b, x \in \mathrm{int}\mathcal{K} \\}&lt;/script&gt;

&lt;script type=&quot;math/tex; mode=display&quot;&gt;\mathcal{F}_d = \\{(y,S): y^T \mathcal{A} + s = c, s \in K^*\\} \rightarrow \mathrm{int} \mathcal{F}_d = \\{(y,S): y^T \mathcal{A} + s = c, s \in \mathrm{int} (K^*)\\}&lt;/script&gt;

&lt;p&gt;Now we get back to the Farkas’ lemma:&lt;/p&gt;

&lt;p&gt;&lt;strong&gt;Theorem (Farkas’)&lt;/strong&gt;:&lt;/p&gt;

&lt;ul&gt;
  &lt;li&gt;Suppose there exists a $y_0$ such taht $-y_0^T \mathcal{A} \in \mathrm{int} K^*$, then
    &lt;ul&gt;
      &lt;li&gt;$\{\mathcal{A} x: x \in K\}$ is a closed convex set.&lt;/li&gt;
      &lt;li&gt;$\mathcal{F}_p$ and $\{y: -y^T \mathcal{A} \in K^*, y^T b &amp;gt; 0\}$ are alternative pair&lt;/li&gt;
    &lt;/ul&gt;
  &lt;/li&gt;
  &lt;li&gt;Suppose there exists a $x_0 \in \mathrm{int} K$ such that $\mathcal{A} x_0 = 0$ , then
    &lt;ul&gt;
      &lt;li&gt;$\{s - y^T \mathcal{A}: s \in K^*\}$ is a closed convex set.&lt;/li&gt;
      &lt;li&gt;$\mathcal{F}_d$ and $\{x: \mathcal{A} x = 0, x \in K, \langle c, x \rangle &amp;lt;0 \}$ are alternative pair&lt;/li&gt;
    &lt;/ul&gt;
  &lt;/li&gt;
&lt;/ul&gt;

&lt;h2 id=&quot;dual-of-clp&quot;&gt;Dual of CLP&lt;/h2&gt;

&lt;h3 id=&quot;weak-duality-for-clp&quot;&gt;Weak Duality for CLP&lt;/h3&gt;

&lt;script type=&quot;math/tex; mode=display&quot;&gt;% &lt;![CDATA[
\begin{aligned}
	\min  &amp;~ \langle c, x\rangle \\
	\mathrm{s.t.} &amp;~ \mathcal{A}x = b, x \in K \\
\end{aligned}
\quad
\leftrightarrow
\quad
\begin{aligned}
	\max  &amp;~ b^T y  \\
	\mathrm{s.t.} &amp;~ \mathcal{A}^Ty + s = c, s \in K^* \\
\end{aligned} %]]&gt;&lt;/script&gt;

&lt;p&gt;$s$ is called (dual) slack variable. We can verify that the dual of the dual is primal. (easier to represent $\max b^T y$ as $\min c^T x$).&lt;/p&gt;

&lt;p&gt;The immediate and trivial observation is (we do not use any Farkas’ property or interior property here)&lt;/p&gt;

&lt;p&gt;&lt;strong&gt;Theorem (Weak Duality)&lt;/strong&gt;: Let $x$ be feasible solution of (CLP) and $y, s$ be feasible solution of (CLD). Then $\langle c, x \rangle - b^T y  = \langle x, s \rangle \geq 0$ (since $x \in K$ and $s \in K^*$, by definition of dual cone)&lt;/p&gt;

&lt;p&gt;Corollaries on the optimal value of CLP and CLD:&lt;/p&gt;

&lt;ul&gt;
  &lt;li&gt;If the objective values of CLP and CLD &lt;strong&gt;“happen” to equal&lt;/strong&gt;, then both of them are optimal. Both of them cannot improve any more.&lt;/li&gt;
  &lt;li&gt;If CLP (CLD) is feasible and UNBOUNDED, then CLD (CLP) is &lt;strong&gt;infeasible.&lt;/strong&gt;&lt;/li&gt;
&lt;/ul&gt;

&lt;h3 id=&quot;strong-duality-for-lp&quot;&gt;Strong Duality for LP&lt;/h3&gt;

&lt;p&gt;The beauty of LP is that the &lt;strong&gt;Strong Duality&lt;/strong&gt; holds:&lt;/p&gt;

&lt;p&gt;&lt;strong&gt;Theorem (Strong Duality)&lt;/strong&gt;: If LP (LD) is feasible and bounded, then LD (LP) is also feasible and bounded, and the duality gap is zero.&lt;/p&gt;

&lt;p&gt;&lt;em&gt;Proof sketch:&lt;/em&gt; Suppose $x^*$ is an optimal solution of LP, then the following system (w.r.t. $(x’, \tau)$) is not feasible.&lt;/p&gt;

&lt;script type=&quot;math/tex; mode=display&quot;&gt;% &lt;![CDATA[
Ax' - b\tau = 0, \quad (x';\tau) \geq 0, \quad c^Tx' - (c^Tx^*)\tau &lt; 0 %]]&gt;&lt;/script&gt;

&lt;p&gt;According to &lt;strong&gt;Farkas’ lemma&lt;/strong&gt;, the following system is feasible:&lt;/p&gt;

&lt;script type=&quot;math/tex; mode=display&quot;&gt;c - A^T y \geq 0, \quad -c^T x^*+b^T y \geq 0&lt;/script&gt;

&lt;p&gt;Since $b^T y \geq c^T x^*$ we immediately obtain the $y$ is optimal.&lt;/p&gt;

&lt;p&gt;Taking the Weak duality and Strong duality together, we obtain the following case tables:&lt;/p&gt;

&lt;table&gt;
  &lt;thead&gt;
    &lt;tr&gt;
      &lt;th style=&quot;text-align: center&quot;&gt;LD\LP&lt;/th&gt;
      &lt;th style=&quot;text-align: center&quot;&gt;Feasible &amp;amp; Bounded&lt;/th&gt;
      &lt;th style=&quot;text-align: center&quot;&gt;Feasible &amp;amp; Unbounded&lt;/th&gt;
      &lt;th style=&quot;text-align: center&quot;&gt;Infeasible&lt;/th&gt;
    &lt;/tr&gt;
  &lt;/thead&gt;
  &lt;tbody&gt;
    &lt;tr&gt;
      &lt;td style=&quot;text-align: center&quot;&gt;&lt;strong&gt;Feasible &amp;amp; Bounded&lt;/strong&gt;&lt;/td&gt;
      &lt;td style=&quot;text-align: center&quot;&gt;+&lt;/td&gt;
      &lt;td style=&quot;text-align: center&quot;&gt; &lt;/td&gt;
      &lt;td style=&quot;text-align: center&quot;&gt; &lt;/td&gt;
    &lt;/tr&gt;
    &lt;tr&gt;
      &lt;td style=&quot;text-align: center&quot;&gt;&lt;strong&gt;Feasible &amp;amp; Unbounded&lt;/strong&gt;&lt;/td&gt;
      &lt;td style=&quot;text-align: center&quot;&gt; &lt;/td&gt;
      &lt;td style=&quot;text-align: center&quot;&gt; &lt;/td&gt;
      &lt;td style=&quot;text-align: center&quot;&gt;+&lt;/td&gt;
    &lt;/tr&gt;
    &lt;tr&gt;
      &lt;td style=&quot;text-align: center&quot;&gt;&lt;strong&gt;Infeasible&lt;/strong&gt;&lt;/td&gt;
      &lt;td style=&quot;text-align: center&quot;&gt; &lt;/td&gt;
      &lt;td style=&quot;text-align: center&quot;&gt;+&lt;/td&gt;
      &lt;td style=&quot;text-align: center&quot;&gt;+&lt;/td&gt;
    &lt;/tr&gt;
  &lt;/tbody&gt;
&lt;/table&gt;

&lt;h4 id=&quot;optimality-condition-of-lp&quot;&gt;Optimality Condition of LP&lt;/h4&gt;

&lt;p&gt;By strong duality theorem, the optimal condition for LP is (iff)&lt;/p&gt;

&lt;script type=&quot;math/tex; mode=display&quot;&gt;(x,y,s) \in (\mathbb{R}^n_+,\mathbb{R}^n,\mathbb{R}^n_+): \begin{cases}
	c^Tx - b^T y = 0 \\
	Ax = b \\
	A^T y + s = c
\end{cases}&lt;/script&gt;

&lt;ul&gt;
  &lt;li&gt;
    &lt;p&gt;&lt;em&gt;All the algorithm has to compute a by-product $y$ (implicitly or explicitly)&lt;/em&gt;. All the method has to check optimality condition to stop.&lt;/p&gt;
  &lt;/li&gt;
  &lt;li&gt;
    &lt;p&gt;Unfortunately, knowing $x^&lt;em&gt;$ does not help us to solve $y^&lt;/em&gt;$ (vice versa). Consider the following pair:&lt;/p&gt;

    &lt;script type=&quot;math/tex; mode=display&quot;&gt;% &lt;![CDATA[
\begin{aligned}
	\min &amp;~ 0^T x \\
	\mathrm{s.t.} &amp;~ Ax = b \\
			   &amp; ~ x \geq 0\\
\end{aligned}
\leftrightarrow
\begin{aligned}
	\max &amp; ~b^T y\\
    \mathrm{s.t.} &amp;~ A^Ty \leq 0
\end{aligned} %]]&gt;&lt;/script&gt;

    &lt;p&gt;Obviously (D)$^* = 0$, and $y^* = 0$, but it does not help up to solve a feasible $x^*$.&lt;/p&gt;
  &lt;/li&gt;
&lt;/ul&gt;

&lt;p&gt;The left hand of first equation $c^Tx - b^Ty = 0$ is called the &lt;u&gt;complementarity gap&lt;/u&gt;. This condition is equivalent to $x^Ts = 0$, which is equivalent to &lt;strong&gt;$x_is_i = 0$ for all $i$&lt;/strong&gt; since $x, s \geq 0$.&lt;/p&gt;

&lt;h3 id=&quot;strong-duality-for-general-clp&quot;&gt;Strong Duality for general CLP&lt;/h3&gt;

&lt;p&gt;For general CLP, duality gap may not be zero! The strong duality theorem relies on if the &lt;strong&gt;feasible set has interior&lt;/strong&gt;:&lt;/p&gt;

&lt;p&gt;&lt;strong&gt;Theorem (Strong Duality for CLP)&lt;/strong&gt;: If (CLP)/(CLD) is feasible, bounded and $ \mathrm{int} \mathcal{F}&lt;em&gt;p \neq \emptyset$($\mathrm{int} \mathcal{F}&lt;/em&gt; d\neq \emptyset$), then (CLD)/(CLP) is feasible, bounded, attainable, and the duality gap is zero.&lt;/p&gt;

&lt;p&gt;May refer to the following case-by-case paradigm:&lt;/p&gt;

&lt;blockquote&gt;
  &lt;ul&gt;
    &lt;li&gt;If BOTH (CLP) and (CLD) are feasible, and &lt;strong&gt;one of them have an interior&lt;/strong&gt;, then there is NO duality gap between (CLP) and (CLD). HOWEVER, one of the optimal solution may not be attainable.&lt;/li&gt;
    &lt;li&gt;If BOTH (CLP) and (CLD) are feasible and &lt;strong&gt;have interior&lt;/strong&gt;, then both have attainable optimal solutions (with no duality gap)&lt;/li&gt;
    &lt;li&gt;If either (CLP) or (CLD) is feasible and unbounded, then the other has no feasible solution (follows from the weak duality)&lt;/li&gt;
    &lt;li&gt;If either (CLP) or (CLD) is infeasible, and the other is feasible and has an interior, then the other is bounded (follows from 1)&lt;/li&gt;
  &lt;/ul&gt;
&lt;/blockquote&gt;

&lt;p&gt;Proof sketch: consider alternative pair&lt;/p&gt;

&lt;script type=&quot;math/tex; mode=display&quot;&gt;% &lt;![CDATA[
\mathcal{A} x - b\tau = 0, \langle c, x\rangle - z^* \tau &lt; 0, (x,\tau) \in K \times \mathbb{R}_+ %]]&gt;&lt;/script&gt;

&lt;p&gt;and&lt;/p&gt;

&lt;script type=&quot;math/tex; mode=display&quot;&gt;y^T \mathcal{A} + s =c , -b^T y +t = -z^*, (s,t) \in K^* \times \mathbb{R}_+&lt;/script&gt;

&lt;h4 id=&quot;optimality-condition-of-clp&quot;&gt;Optimality condition of CLP&lt;/h4&gt;

&lt;p&gt;Any optimal solution must satisfy the optimality conditions:&lt;/p&gt;

&lt;script type=&quot;math/tex; mode=display&quot;&gt;% &lt;![CDATA[
\begin{aligned}
\langle c, x \rangle - b^T y &amp; = 0 \\
\mathcal{A}x &amp; = b \\
y^T \mathcal{A} + s &amp; = c \\
x \in K, &amp; \quad S \in K^*
\end{aligned}
\quad \text{or} \quad
\begin{aligned}
\langle s, x \rangle&amp; = 0 \\
\mathcal{A}x &amp; = b \\
y^T \mathcal{A} + s &amp; = c \\
x \in K, &amp; \quad S \in K^*
\end{aligned} %]]&gt;&lt;/script&gt;

&lt;p&gt;Dual problem can help turn min-max problem to min-min problem, then join the force.&lt;/p&gt;

&lt;p&gt;In general, $K$ can be decomposed to $K = K_1 \oplus \ldots \oplus K_p$, then $K^* = K_1^* \oplus \ldots \oplus K_p^*$.&lt;/p&gt;</content><author><name>Honglin Yuan</name><email>yuanhl@stanford.edu</email></author><category term="Optimization" /><summary type="html">Overview: This is the class note for CME 307 (Lecture 1-5). Farkas’ lemma and duality theory for LP, Conic LP.</summary></entry><entry><title type="html">Hello, World!</title><link href="https://stanford.edu/~yuanhl/posts/2018/02/helloworld/" rel="alternate" type="text/html" title="Hello, World!" /><published>2018-02-01T00:00:00-08:00</published><updated>2018-02-01T00:00:00-08:00</updated><id>https://stanford.edu/~yuanhl/posts/2018/02/hello-world</id><content type="html" xml:base="https://stanford.edu/~yuanhl/posts/2018/02/helloworld/">&lt;p&gt;Hello, World!&lt;/p&gt;

&lt;p&gt;This is a blog page generated by Jekyll.&lt;/p&gt;</content><author><name>Honglin Yuan</name><email>yuanhl@stanford.edu</email></author><category term="Hello" /><summary type="html">Hello, World!</summary></entry></feed>